occurrenceID	processID
O-F-251542	NOBAS1749-16
O-F-260168	NOBAS2359-16
O-F-287257	NOBAS3409-16
O-F-22185	NOBAS918-15
O-F-248114	NOBAS872-15
O-F-248115	NOBAS873-15
O-F-248118	NOBAS876-15
O-F-248120	NOBAS878-15
O-F-248121	NOBAS879-15
O-F-248125	NOBAS883-15
O-F-248128	NOBAS886-15
O-F-248130	NOBAS888-15
O-F-248131	NOBAS889-15
O-F-248134	NOBAS892-15
O-F-248135	NOBAS893-15
O-F-248136	NOBAS894-15
O-F-248137	NOBAS895-15
O-F-248139	NOBAS897-15
O-F-248142	NOBAS900-15
O-F-248143	NOBAS901-15
O-F-248144	NOBAS902-15
O-F-248145	NOBAS903-15
O-F-248146	NOBAS904-15
O-F-248148	NOBAS906-15
O-F-248149	NOBAS907-15
O-F-248150	NOBAS908-15
O-F-248151	NOBAS909-15
O-F-248152	NOBAS910-15
O-F-248158	NOBAS636-15
O-F-248159	NOBAS637-15
O-F-248161	NOBAS639-15
O-F-248162	NOBAS640-15
O-F-248163	NOBAS641-15
O-F-248165	NOBAS643-15
O-F-248167	NOBAS645-15
O-F-248170	NOBAS648-15
O-F-248171	NOBAS649-15
O-F-248172	NOBAS650-15
O-F-248174	NOBAS652-15
O-F-248177	NOBAS655-15
O-F-248179	NOBAS657-15
O-F-248183	NOBAS661-15
O-F-248185	NOBAS663-15
O-F-248186	NOBAS664-15
O-F-248187	NOBAS665-15
O-F-248188	NOBAS666-15
O-F-248190	NOBAS668-15
O-F-248192	NOBAS670-15
O-F-248196	NOBAS674-15
O-F-248198	NOBAS676-15
O-F-248199	NOBAS677-15
O-F-248201	NOBAS679-15
O-F-248202	NOBAS680-15
O-F-248204	NOBAS682-15
O-F-248205	NOBAS683-15
O-F-248206	NOBAS684-15
O-F-248207	NOBAS685-15
O-F-248208	NOBAS686-15
O-F-248210	NOBAS688-15
O-F-248212	NOBAS690-15
O-F-248213	NOBAS691-15
O-F-248216	NOBAS694-15
O-F-248217	NOBAS695-15
O-F-248218	NOBAS696-15
O-F-248219	NOBAS697-15
O-F-248220	NOBAS698-15
O-F-248221	NOBAS699-15
O-F-248222	NOBAS700-15
O-F-248225	NOBAS703-15
O-F-248234	NOBAS712-15
O-F-248243	NOBAS721-15
O-F-248253	NOBAS731-15
O-F-248257	NOBAS735-15
O-F-248258	NOBAS736-15
O-F-248259	NOBAS737-15
O-F-248261	NOBAS739-15
O-F-248262	NOBAS740-15
O-F-248265	NOBAS743-15
O-F-248267	NOBAS745-15
O-F-248268	NOBAS746-15
O-F-248271	NOBAS749-15
O-F-248272	NOBAS750-15
O-F-248273	NOBAS751-15
O-F-248274	NOBAS752-15
O-F-248275	NOBAS753-15
O-F-248278	NOBAS756-15
O-F-248281	NOBAS759-15
O-F-248284	NOBAS762-15
O-F-248287	NOBAS765-15
O-F-248288	NOBAS766-15
O-F-248289	NOBAS767-15
O-F-248290	NOBAS768-15
O-F-248292	NOBAS770-15
O-F-248293	NOBAS771-15
O-F-248296	NOBAS774-15
O-F-248297	NOBAS775-15
O-F-248301	NOBAS779-15
O-F-248302	NOBAS780-15
O-F-248303	NOBAS781-15
O-F-248304	NOBAS782-15
O-F-248307	NOBAS785-15
O-F-248310	NOBAS788-15
O-F-248317	NOBAS795-15
O-F-248318	NOBAS796-15
O-F-248319	NOBAS797-15
O-F-248321	NOBAS799-15
O-F-248323	NOBAS801-15
O-F-248327	NOBAS805-15
O-F-248328	NOBAS806-15
O-F-248330	NOBAS808-15
O-F-248335	NOBAS813-15
O-F-248338	NOBAS816-15
O-F-248339	NOBAS817-15
O-F-248340	NOBAS818-15
O-F-248344	NOBAS822-15
O-F-248357	NOBAS954-15
O-F-248375	NOBAS958-15
O-F-248468	NOBAS981-15
O-F-248487	NOBAS983-15
O-F-248994	NOBAS1355-15
O-F-248995	NOBAS1354-15
O-F-249001	NOBAS1359-15
O-F-249016	NOBAS1367-15
O-F-249035	NOBAS1373-15
O-F-249081	NOBAS1015-15
O-F-249082	NOBAS1014-15
O-F-249093	NOBAS1017-15
O-F-249094	NOBAS1018-15
O-F-249103	NOBAS1021-15
O-F-249116	NOBAS1025-15
O-F-249118	NOBAS1027-15
O-F-249230	NOBAS1074-15
O-F-249243	NOBAS1080-15
O-F-249256	NOBAS1084-15
O-F-249370	NOBAS1051-15
O-F-249378	NOBAS1056-15
O-F-249493	NOBAS1101-15
O-F-249529	NOBAS1104-15
O-F-249595	NOBAS933-15
O-F-249596	NOBAS934-15
O-F-249604	NOBAS942-15
O-F-249607	NOBAS945-15
O-F-249610	NOBAS948-15
O-F-249619	NOBAS1381-15
O-F-249650	NOBAS1388-15
O-F-249681	NOBAS1379-15
O-F-75122	NOBAS002-14
O-F-75124	NOBAS004-14
O-F-75125	NOBAS005-14
O-F-75126	NOBAS006-14
O-F-75127	NOBAS007-14
O-F-75128	NOBAS008-14
O-F-75129	NOBAS009-14
O-F-75130	NOBAS010-14
O-F-75132	NOBAS012-14
O-F-75135	NOBAS015-14
O-F-75136	NOBAS016-14
O-F-75137	NOBAS017-14
O-F-75138	NOBAS018-14
O-F-75141	NOBAS021-14
O-F-75146	NOBAS026-14
O-F-75158	NOBAS038-14
O-F-75161	NOBAS041-14
O-F-75162	NOBAS042-14
O-F-75163	NOBAS043-14
O-F-75166	NOBAS046-14
O-F-75168	NOBAS048-14
O-F-75171	NOBAS051-14
O-F-75172	NOBAS052-14
O-F-75175	NOBAS055-14
O-F-75181	NOBAS061-14
O-F-75185	NOBAS065-14
O-F-75189	NOBAS069-14
O-F-75190	NOBAS070-14
O-F-75192	NOBAS072-14
O-F-75194	NOBAS074-14
O-F-75196	NOBAS076-14
O-F-75198	NOBAS078-14
O-F-75199	NOBAS079-14
O-F-75204	NOBAS084-14
O-F-75207	NOBAS087-14
O-F-75211	NOBAS091-14
O-F-75212	NOBAS092-14
O-F-75214	NOBAS094-14
O-F-75215	NOBAS095-14
O-F-75216	NOBAS476-15
O-F-75217	NOBAS477-15
O-F-75219	NOBAS479-15
O-F-75220	NOBAS480-15
O-F-75223	NOBAS483-15
O-F-75226	NOBAS486-15
O-F-75229	NOBAS489-15
O-F-75230	NOBAS490-15
O-F-75232	NOBAS492-15
O-F-75235	NOBAS495-15
O-F-75236	NOBAS496-15
O-F-75237	NOBAS497-15
O-F-75240	NOBAS500-15
O-F-75249	NOBAS509-15
O-F-75250	NOBAS510-15
O-F-75252	NOBAS512-15
O-F-75254	NOBAS514-15
O-F-75255	NOBAS515-15
O-F-75260	NOBAS520-15
O-F-75261	NOBAS521-15
O-F-75262	NOBAS522-15
O-F-75265	NOBAS525-15
O-F-75266	NOBAS526-15
O-F-75268	NOBAS528-15
O-F-75269	NOBAS529-15
O-F-75271	NOBAS531-15
O-F-75272	NOBAS532-15
O-F-75274	NOBAS534-15
O-F-75275	NOBAS535-15
O-F-75280	NOBAS540-15
O-F-75283	NOBAS543-15
O-F-75290	NOBAS550-15
O-F-75292	NOBAS552-15
O-F-75295	NOBAS555-15
O-F-75419	NOBAS097-14
O-F-75420	NOBAS098-14
O-F-75421	NOBAS099-14
O-F-75424	NOBAS102-14
O-F-75428	NOBAS106-14
O-F-75432	NOBAS110-14
O-F-75433	NOBAS111-14
O-F-75434	NOBAS112-14
O-F-75436	NOBAS114-14
O-F-75437	NOBAS115-14
O-F-75438	NOBAS116-14
O-F-75439	NOBAS117-14
O-F-75442	NOBAS120-14
O-F-75444	NOBAS122-14
O-F-75445	NOBAS123-14
O-F-75447	NOBAS125-14
O-F-75452	NOBAS130-14
O-F-75454	NOBAS132-14
O-F-75457	NOBAS135-14
O-F-75458	NOBAS136-14
O-F-75459	NOBAS137-14
O-F-75461	NOBAS139-14
O-F-75462	NOBAS140-14
O-F-75464	NOBAS142-14
O-F-75468	NOBAS146-14
O-F-75470	NOBAS148-14
O-F-75471	NOBAS149-14
O-F-75472	NOBAS150-14
O-F-75473	NOBAS151-14
O-F-75480	NOBAS158-14
O-F-75482	NOBAS160-14
O-F-75484	NOBAS162-14
O-F-75487	NOBAS165-14
O-F-75488	NOBAS166-14
O-F-75491	NOBAS167-14
O-F-75492	NOBAS168-14
O-F-75498	NOBAS174-14
O-F-75499	NOBAS175-14
O-F-75506	NOBAS182-14
O-F-75507	NOBAS183-14
O-F-75509	NOBAS185-14
O-F-75510	NOBAS186-14
O-F-75511	NOBAS187-14
O-F-75512	NOBAS188-14
O-F-75516	NOBAS192-14
O-F-75517	NOBAS193-14
O-F-75518	NOBAS194-14
O-F-75521	NOBAS197-14
O-F-75522	NOBAS198-14
O-F-75523	NOBAS199-14
O-F-75525	NOBAS201-14
O-F-75528	NOBAS204-14
O-F-75529	NOBAS205-14
O-F-75530	NOBAS206-14
O-F-75531	NOBAS207-14
O-F-75537	NOBAS213-14
O-F-75538	NOBAS214-14
O-F-75539	NOBAS215-14
O-F-75540	NOBAS216-14
O-F-75541	NOBAS217-14
O-F-75542	NOBAS218-14
O-F-75544	NOBAS220-14
O-F-75545	NOBAS221-14
O-F-75546	NOBAS222-14
O-F-75548	NOBAS224-14
O-F-75550	NOBAS226-14
O-F-75551	NOBAS227-14
O-F-75552	NOBAS228-14
O-F-75555	NOBAS231-14
O-F-75557	NOBAS233-14
O-F-75559	NOBAS235-14
O-F-75560	NOBAS236-14
O-F-75561	NOBAS237-14
O-F-75562	NOBAS238-14
O-F-75564	NOBAS240-14
O-F-75565	NOBAS241-14
O-F-75567	NOBAS243-14
O-F-75573	NOBAS249-14
O-F-75576	NOBAS252-14
O-F-75579	NOBAS255-14
O-F-75580	NOBAS256-14
O-F-75582	NOBAS258-14
O-F-75583	NOBAS259-14
O-F-75585	NOBAS261-14
O-F-75586	NOBAS262-14
O-F-75587	NOBAS263-14
O-F-75588	NOBAS264-14
O-F-75589	NOBAS265-14
O-F-75591	NOBAS267-14
O-F-75592	NOBAS268-14
O-F-75593	NOBAS269-14
O-F-75595	NOBAS271-14
O-F-75596	NOBAS272-14
O-F-75599	NOBAS275-14
O-F-75609	NOBAS285-14
O-F-75610	NOBAS286-14
O-F-75612	NOBAS288-14
O-F-75614	NOBAS290-14
O-F-75615	NOBAS291-14
O-F-75617	NOBAS293-14
O-F-75620	NOBAS296-14
O-F-75624	NOBAS300-14
O-F-75626	NOBAS302-14
O-F-75627	NOBAS303-14
O-F-75628	NOBAS304-14
O-F-75631	NOBAS307-14
O-F-75636	NOBAS312-14
O-F-75637	NOBAS313-14
O-F-75654	NOBAS330-14
O-F-75659	NOBAS335-14
O-F-75663	NOBAS339-14
O-F-75664	NOBAS340-14
O-F-75666	NOBAS342-14
O-F-75668	NOBAS344-14
O-F-75669	NOBAS345-14
O-F-75671	NOBAS347-14
O-F-75672	NOBAS348-14
O-F-75675	NOBAS351-14
O-F-75676	NOBAS352-14
O-F-75678	NOBAS354-14
O-F-75679	NOBAS355-14
O-F-75680	NOBAS356-14
O-F-75681	NOBAS357-14
O-F-75682	NOBAS358-14
O-F-75685	NOBAS361-14
O-F-75692	NOBAS368-14
O-F-75693	NOBAS369-14
O-F-75697	NOBAS373-14
O-F-75698	NOBAS374-14
O-F-75709	NOBAS383-14
O-F-75710	NOBAS384-14
O-F-75711	NOBAS385-14
O-F-75712	NOBAS386-14
O-F-75716	NOBAS390-14
O-F-75725	NOBAS399-14
O-F-75728	NOBAS402-14
O-F-75730	NOBAS404-14
O-F-75731	NOBAS405-14
O-F-75732	NOBAS406-14
O-F-75735	NOBAS409-14
O-F-75738	NOBAS412-14
O-F-75739	NOBAS413-14
O-F-75740	NOBAS414-14
O-F-75743	NOBAS417-14
O-F-75746	NOBAS420-14
O-F-75755	NOBAS429-14
O-F-75756	NOBAS430-14
O-F-75758	NOBAS432-14
O-F-75760	NOBAS434-14
O-F-75762	NOBAS436-14
O-F-75765	NOBAS439-14
O-F-75767	NOBAS441-14
O-F-75768	NOBAS442-14
O-F-75773	NOBAS447-14
O-F-75774	NOBAS448-14
O-F-75779	NOBAS453-14
O-F-75780	NOBAS454-14
O-F-75786	NOBAS460-14
O-F-75790	NOBAS464-14
O-F-75793	NOBAS467-14
O-F-75799	NOBAS473-14
O-F-75828	NOBAS855-15
O-F-75831	NOBAS858-15
O-F-75833	NOBAS860-15
O-F-75834	NOBAS861-15
O-F-75835	NOBAS862-15
O-F-75837	NOBAS864-15
O-F-75838	NOBAS865-15
O-F-75840	NOBAS867-15
O-F-75937	NOBAS924-15
O-F-75972	NOBAS1298-15
O-F-75977	NOBAS1303-15
O-F-75989	NOBAS1314-15
O-F-75996	NOBAS1321-15
